door,prize_prob,zero_prob,reward_value,prior_mean
0,0.09999999999999998,0.9,1.0,0.09999999999999998
1,0.19999999999999996,0.8,1.5,0.29999999999999993
2,0.8,0.19999999999999996,4.0,3.2
3,0.30000000000000004,0.7,2.0,0.6000000000000001
4,0.050000000000000044,0.95,10.0,0.5000000000000004
