door,prize_prob,zero_prob,reward_value,prior_mean
0,0.9,0.09999999999999998,4.0,3.6
1,0.6,0.4,3.0,1.7999999999999998
2,0.19999999999999996,0.8,8.0,1.5999999999999996
3,0.30000000000000004,0.7,5.0,1.5000000000000002
4,0.09999999999999998,0.9,10.0,0.9999999999999998
