label,k,m,r,total_reward,empirical_stay,theory_stay,empirical_switch,theory_switch,empirical_stay_per_total,theory_stay_per_total,empirical_switch_per_total,theory_switch_per_total
"1,2,5,9",12.0,4.0,0.0,17.0,1.4191,1.4166666666666667,1.4057,1.4166666666666667,0.08347647058823529,0.08333333333333334,0.08268823529411765,0.08333333333333334
"1,2,5,9",12.0,4.0,1.0,17.0,1.4134,1.4166666666666667,1.52735,1.5583333333333333,0.08314117647058823,0.08333333333333334,0.08984411764705882,0.09166666666666667
"1,2,5,9",12.0,4.0,2.0,17.0,1.43045,1.4166666666666667,1.735125,1.7314814814814814,0.08414411764705883,0.08333333333333334,0.10206617647058824,0.10185185185185185
"1,2,5,9",12.0,4.0,3.0,17.0,1.433125,1.4166666666666667,1.942575,1.9479166666666667,0.0843014705882353,0.08333333333333334,0.11426911764705883,0.11458333333333334
"1,2,5,9",12.0,4.0,4.0,17.0,1.427775,1.4166666666666667,2.188975,2.2261904761904763,0.08398676470588236,0.08333333333333334,0.12876323529411765,0.13095238095238096
"1,2,5,9",12.0,4.0,5.0,17.0,1.399575,1.4166666666666667,2.610525,2.5972222222222223,0.08232794117647059,0.08333333333333334,0.15356029411764704,0.1527777777777778
"1,2,5,9",12.0,4.0,6.0,17.0,1.416275,1.4166666666666667,3.134725,3.1166666666666667,0.08331029411764705,0.08333333333333334,0.18439558823529412,0.18333333333333335
"1,2,5,9",12.0,4.0,7.0,17.0,1.4035,1.4166666666666667,3.92815,3.8958333333333335,0.08255882352941177,0.08333333333333334,0.23106764705882354,0.22916666666666669
